"","baseMean","log2FoldChange","lfcSE","stat","pvalue","padj","names","hgnc_symbol","entrezgene_id"
"2",142.698453776762,-1.60961813608439,0.422291913307014,-3.81162434174809,0.000138056578751867,0.0201392535279264,"ENSG00000000005","TNMD",64102
"115",107.99653828103,-2.00075611459891,0.391989745938365,-5.10410319486648,3.32366878702102e-07,0.00018585689339885,"ENSG00000005981","ASB4",51666
"132",65.2297022695094,-2.67567644403918,0.449237271417553,-5.95604286259724,2.58418581278935e-09,3.4681496398175e-06,"ENSG00000006377","DLX6",1750
"172",6.10503681798355,-1.74718434989555,0.42604948646473,-4.10089533118166,4.11554693681018e-05,0.00876720374443658,"ENSG00000007216","SLC13A2",9058
"272",406.891144272708,-1.20515748272259,0.305324815250815,-3.94713243904722,7.90928100313869e-05,0.0137768098993182,"ENSG00000010932","FMO1",2326
"325",183.513522926641,-1.49925809315964,0.380170799898485,-3.94364347172371,8.02529423328862e-05,0.0138675706618312,"ENSG00000013293","SLC7A14",57709
"380",959.453388383955,-1.1648081427196,0.280114817547043,-4.15832390774536,3.205912264523e-05,0.00737579654824144,"ENSG00000018625","ATP1A2",477
"473",207.941454084982,-1.23773807664429,0.299024406156327,-4.13925435904792,3.48436459057285e-05,0.00770164926088356,"ENSG00000029534","ANK1",286
"480",74.2441930101853,-2.44500275918404,0.348784427739191,-7.0100685831431,2.38201332014047e-12,8.52184029480143e-09,"ENSG00000030304","MUSK",4593
"528",3.73972571902012,-1.65228078742247,0.466111413593514,-3.54481941277539,0.000392882159866331,0.0415144992644333,"ENSG00000036565","SLC18A1",6570
"544",1039.73856473526,-1.03708130310578,0.297399776560625,-3.48716234793261,0.00048817491943056,0.0482921341673544,"ENSG00000038295","TLL1",7092
"935",195.881263646866,-1.6469860409274,0.327217447830364,-5.03330752026778,4.82088839900726e-07,0.000245694441418773,"ENSG00000065618","COL17A1",1308
"1216",265.072510176544,-1.32201992766114,0.325532099691706,-4.06110466191554,4.88410684591594e-05,0.00983219549151337,"ENSG00000073282","TP63",8626
"1296",15.5004753115193,-1.60807322662284,0.387032949851901,-4.1548742225647,3.25466529036342e-05,0.00740335219890464,"ENSG00000075388","FGF4",2249
"1357",40.782283513515,-2.27697904258297,0.485176651274454,-4.69309278713606,2.69105358864858e-06,0.00100321481098305,"ENSG00000077009","NMRK2",27231
"1384",717.698663057426,-2.55105460306024,0.445821990350902,-5.72213721681231,1.05192292685529e-08,1.13173475959867e-05,"ENSG00000077522","ACTN2",88
"1424",1914.16234492214,-2.01469384105789,0.354238114594841,-5.68739996643837,1.28988113279832e-08,1.33162036330067e-05,"ENSG00000078596","ITM2A",9452
"1442",27.5954350065363,-1.01174603381268,0.265663259300164,-3.80837770521195,0.000139881497585916,0.0203017159001602,"ENSG00000079112","CDH17",1015
"1458",18.2227018905753,-2.42465252301102,0.488214897988492,-4.96636324086156,6.82201219973916e-07,0.000339096117513454,"ENSG00000079393","DUSP13B",51207
"1465",7.46017364372952,-2.10776328164734,0.520153091860753,-4.05219792908892,5.07387115486082e-05,0.0101130792295548,"ENSG00000079689","SCGN",10590
"1524",123.804302666801,-1.88642757485601,0.383446907174534,-4.9196578184874,8.66956414395842e-07,0.000408554346024193,"ENSG00000081248","CACNA1S",779
"1557",75.9597611125199,-1.49786272404484,0.27907136421162,-5.36731071737269,7.99193089385279e-08,6.07115323864719e-05,"ENSG00000082293","COL19A1",1310
"1702",426.66578321063,-1.15731124119963,0.283766145481338,-4.0783978625658,4.53471161270344e-05,0.00931513055870745,"ENSG00000086967","MYBPC2",4606
"1722",119.09798909767,-1.45523244042717,0.341823105644033,-4.25726762292837,2.06940577439607e-05,0.00530690543240347,"ENSG00000087250","MT3",4504
"1751",25.509300974861,-1.32667014850737,0.320591946773279,-4.13818925228831,3.50057576558962e-05,0.00770164926088356,"ENSG00000088053","GP6",51206
"2174",61.3711340348597,-1.71528751517025,0.39363180495393,-4.35759380614837,1.31500143603298e-05,0.00370241872850068,"ENSG00000100095","SEZ6L",23544
"2296",187.957315974945,-1.3063758257135,0.33595273867161,-3.88857025211057,0.000100836484013547,0.0163047330094515,"ENSG00000100427","MLC1",23209
"2527",476.972247468962,-1.90471837525817,0.430601300330541,-4.42339206545836,9.71631839785285e-06,0.00289776600988409,"ENSG00000101470","TNNC2",7125
"2584",26.5868340218201,-1.28202602609306,0.281440861788477,-4.55522349507512,5.2329909693034e-06,0.00174124530914127,"ENSG00000101958","GLRA2",2742
"2932",17.5724425630381,-2.58841239506017,0.492918672642111,-5.25119566111368,1.5111505224106e-07,9.81321650537025e-05,"ENSG00000104755","ADAM2",2515
"2959",525.85421541719,-2.20414695256886,0.463150014506215,-4.75903461844603,1.94521074404366e-06,0.000767824264477313,"ENSG00000104879","CKM",1158
"3109",25.5396059838198,-1.94206915425241,0.470374507596682,-4.12877212282434,3.64705630261513e-05,0.00793717734356164,"ENSG00000105605","CACNG7",59284
"3184",75.3092198616572,-2.23648704020455,0.402461340948034,-5.55702327815215,2.74414176090325e-08,2.51101444494288e-05,"ENSG00000105880","DLX5",1749
"3205",15.3600553711433,-2.28502641229346,0.409902959660814,-5.57455455843566,2.48164024810841e-08,2.3236232481242e-05,"ENSG00000105989","WNT2",7472
"3263",12.7168148830977,-2.47794709815296,0.488829971780594,-5.06913904875121,3.99619212609725e-07,0.000214526249841237,"ENSG00000106341","PPP1R17",10842
"3430",76.6450856514255,-1.88631294294142,0.411219234480766,-4.58712235414575,4.49397329926898e-06,0.00153335892351837,"ENSG00000107859","PITX3",5309
"3450",426.665873586194,-1.73761490289754,0.383732828251066,-4.52818934157143,5.94912633683029e-06,0.00193164294010856,"ENSG00000107984","DKK1",22943
"3559",310.039430479041,-2.98708930738014,0.38733549623851,-7.71189146460455,1.23966540240081e-14,8.31856807191023e-11,"ENSG00000108823","SGCA",6442
"3572",79.6341777637153,-3.55107804042973,0.437684496032693,-8.11332837378931,4.92517400905321e-16,4.95743389881251e-12,"ENSG00000108878","CACNG1",786
"3590",971.812840443907,-1.3097564547319,0.353943212960442,-3.70047060311419,0.000215200009008499,0.027076196133438,"ENSG00000109063","MYH3",4621
"3690",81.923888158667,-1.38335853930877,0.287286642989915,-4.8152553314403,1.47011790983411e-06,0.00062967965197597,"ENSG00000109991","P2RX3",5024
"3801",20.7915736599851,-2.08576433631922,0.560787573031633,-3.71934835332303,0.000199737423635877,0.0255296131759609,"ENSG00000111046","MYF6",4618
"3802",57.2563788524789,-3.80437816351946,0.846738343260801,-4.4929796716997,7.02334912300966e-06,0.00217518524915857,"ENSG00000111049","MYF5",4617
"3826",14.5279068251622,-2.6847205567766,0.740759857193757,-3.6242792191078,0.000289768427204246,0.0328638208904151,"ENSG00000111245","MYL2",4633
"4011",3.26568268200399,-1.91552537271286,0.480490852101084,-3.98660112744432,6.70265664820628e-05,0.0122132626976354,"ENSG00000112333","NR2E1",7101
"4075",156.093622996287,-1.48761034369507,0.352067077425615,-4.22536056075671,2.38558504878721e-05,0.00592891513791795,"ENSG00000112837","TBX18",9096
"4268",106.739345227063,-1.03796696329341,0.23158039352905,-4.48210207900524,7.39113722344839e-06,0.00225477833657581,"ENSG00000114646","CSPG5",10675
"4415",36.5099877771592,-1.12382870670997,0.319326190396027,-3.51937529870696,0.000432564332395471,0.0436488850899911,"ENSG00000115590","IL1R2",7850
"4417",177.209932163018,-3.29347007478178,0.691821650992261,-4.76057676145007,1.9304049401575e-06,0.000767824264477313,"ENSG00000115593","SMYD1",150572
"4454",74.3269086794596,-2.01724622595636,0.395092499084425,-5.10575683069423,3.29473157640165e-07,0.00018585689339885,"ENSG00000115844","DLX2",1746
"4560",116.062346606192,-1.01901516036934,0.240894342370788,-4.23013322081619,2.33552956555814e-05,0.00584056468127341,"ENSG00000116690","PRG4",10216
"4799",355.720033867685,-3.02438598339605,0.508455622259604,-5.94818082639252,2.7113896831236e-09,3.52148294909427e-06,"ENSG00000118729","CASQ2",845
"5044",59.9774146354149,-2.09442507583632,0.326563594132989,-6.4135289832197,1.42189067520518e-10,3.0130611771111e-07,"ENSG00000120729","MYOT",9499
"5190",618.779676773919,-4.62195043126852,0.488537024710566,-9.46079866517138,3.05599996432246e-21,1.23040670563551e-16,"ENSG00000122180","MYOG",4656
"5244",261.68119693266,-1.88561372620267,0.36923774847385,-5.10677397962796,3.27705331463959e-07,0.00018585689339885,"ENSG00000122691","TWIST1",7291
"5311",15.1691429094454,-2.77633344230377,0.520657939875695,-5.33235590907651,9.69466898084599e-08,6.84783793871616e-05,"ENSG00000123307","NEUROD4",58158
"5326",708.167489111488,-2.5323461873137,0.561428191406273,-4.51054333586392,6.46617893635847e-06,0.00206620076456877,"ENSG00000123407","HOXC12",3228
"5501",68.9066039075008,-2.10973787556148,0.34323935259716,-6.14655009572154,7.91863211115958e-10,1.38617376547612e-06,"ENSG00000124701","APOBEC2",10930
"5531",158.567959770958,-1.65010762388292,0.450533462288694,-3.66256396472847,0.000249703373921711,0.0301004707809459,"ENSG00000124875","CXCL6",6372
"5532",19.4964273268808,-1.63502941177616,0.354464276485844,-4.61267755381678,3.97514723468268e-06,0.00138947381352837,"ENSG00000124882","EREG",2069
"5577",17.784176454682,-1.31096824608607,0.360444151103943,-3.63709118894267,0.000275734334066549,0.0317189021662497,"ENSG00000125414","MYH2",4620
"5641",48.1280747561734,-2.32432420591795,0.445402250675185,-5.21848329772584,1.80394242534459e-07,0.000113484890514412,"ENSG00000125798","FOXA2",3170
"5676",17.6223375157524,-2.45464128468128,0.502695359987133,-4.88295989989664,1.04505129755991e-06,0.000478134719799513,"ENSG00000125879","OTOR",56914
"5864",167.58497072946,-2.03168235724906,0.333188369416403,-6.09769891070225,1.07606180424652e-09,1.73297601450294e-06,"ENSG00000127743","IL17B",27190
"6022",250.755196548767,-3.75670924116902,0.536589737171793,-7.00108291479732,2.53991564099193e-12,8.52184029480143e-09,"ENSG00000129152","MYOD1",4654
"6065",42.0230429905516,-2.52425374908669,0.422098066711896,-5.98025423037445,2.22789631527047e-09,3.26958086739663e-06,"ENSG00000129514","FOXA1",3169
"6147",30.0149512377712,-1.89485564830357,0.355106635115734,-5.3360187079749,9.50096033625629e-08,6.83085116175626e-05,"ENSG00000130287","NCAN",1463
"6204",440.548504691153,-2.26828025653668,0.412808572319846,-5.49475085701273,3.91262389909731e-08,3.28187632136366e-05,"ENSG00000130598","TNNI2",7136
"6538",54.3960466484163,-1.27195102366026,0.262009542867175,-4.85459807967785,1.20631154508953e-06,0.000533719949762578,"ENSG00000132692","BCAN",63827
"6591",379.557494680479,-2.77089271385637,0.441556728868279,-6.27528136862104,3.49002574157653e-10,7.02577082036772e-07,"ENSG00000133020","MYH8",4626
"6597",410.122255984193,-3.3433741775043,0.583717839469168,-5.72772314196317,1.01787503933507e-08,1.13173475959867e-05,"ENSG00000133055","MYBPH",4608
"6608",7.31674456830736,-1.99189319031638,0.470779681590605,-4.23105173865289,2.32601156894932e-05,0.00584056468127341,"ENSG00000133105","RXFP2",122042
"6653",47.0315777896479,-2.74420211909673,0.486953716118155,-5.63544753487594,1.74604297044235e-08,1.67379004942738e-05,"ENSG00000133454","MYO18B",84700
"6752",48.2952385286462,-1.99846578371894,0.53574939307508,-3.73022500734569,0.000191308845111554,0.0250095510797372,"ENSG00000134240","HMGCS2",3158
"6797",4.62649005839568,-1.95211375109851,0.449984150484085,-4.33818335378805,1.43665280359221e-05,0.00388204799853889,"ENSG00000134443","GRP",2922
"7199",93.9428407780921,-1.06809579831099,0.265914553609781,-4.01668800677373,5.90217801996385e-05,0.0111043687588684,"ENSG00000136689","IL1RN",3557
"7526",90.288195265082,-2.21930055858938,0.405280215670683,-5.47596569676303,4.35131983936672e-08,3.57536406882822e-05,"ENSG00000138347","MYPN",84665
"7787",364.047266391681,-1.36496517251949,0.352972859881279,-3.86705417798577,0.000110157961812332,0.017190619606543,"ENSG00000140015","KCNH5",27133
"7945",177.849449064797,-2.91406383901387,0.451828449722982,-6.44949170597933,1.12225901582594e-10,2.64696108277111e-07,"ENSG00000141161","UNC45B",146862
"7979",157.291950669614,-1.7866094946127,0.42465300766297,-4.20722204334571,2.58529091742499e-05,0.00632870857720516,"ENSG00000141433","ADCYAP1",116
"8137",134.024592506814,-1.74942650392008,0.360867306060636,-4.84783873334906,1.24813796846602e-06,0.000540349794477193,"ENSG00000142661","MYOM3",127294
"8224",26.6955101687781,-1.6375565120708,0.327089103928497,-5.0064538757267,5.54419392023563e-07,0.000279025419520659,"ENSG00000143318","CASQ1",844
"8236",62.3353280211523,-2.04375933013945,0.546656903605022,-3.7386509100343,0.00018501042136448,0.024583794009824,"ENSG00000143355","LHX9",56956
"8281",81.3801079401644,-1.23179271430544,0.315415031873213,-3.90530757836737,9.41056141907119e-05,0.0155281976989608,"ENSG00000143512","HHIPL2",79802
"8310",1310.09528032899,-1.87302964406809,0.492993214140096,-3.79930106611128,0.000145104733447948,0.0207907714522466,"ENSG00000143632","ACTA1",58
"8420",62.6180549189508,-2.07415006900983,0.374575648316437,-5.53733292148669,3.07112432472026e-08,2.74776905693082e-05,"ENSG00000144355","DLX1",1745
"8675",50.2047921270549,-2.45902971443976,0.520649886007154,-4.72300058163457,2.32390184683992e-06,0.00087443865567728,"ENSG00000146147","MLIP",90523
"8676",50.2047921270549,-2.45902971443976,0.520649886007154,-4.72300058163457,2.32390184683992e-06,0.00087443865567728,"ENSG00000146147","MLIP",101927189
"8747",4.30786656138842,-1.66868259198532,0.469141250735645,-3.556887375324,0.000375274946432684,0.0399717457493987,"ENSG00000146809","ASB15",142685
"8813",530.873662421287,-1.26235579053721,0.262408186985715,-4.81065703413409,1.50434957877187e-06,0.000637559186742244,"ENSG00000147255","IGSF1",3547
"8851",6.12650382917659,-2.2624703979794,0.586546290795027,-3.85727509232522,0.000114658097417837,0.0174202427103282,"ENSG00000147571","CRH",1392
"9341",296.43797563499,-1.77456245813487,0.352458543809782,-5.03481186454821,4.78318368187814e-07,0.000245694441418773,"ENSG00000152137","HSPB8",26353
"9368",6584.97127442856,-1.00254865843695,0.244998065078961,-4.0920676582235,4.27543859929375e-05,0.00891354373853332,"ENSG00000152377","SPOCK1",6695
"9443",43.9938552125501,-1.75557795723787,0.311437841826505,-5.63700912818379,1.73028944360919e-08,1.67379004942738e-05,"ENSG00000152954","NRSN1",140767
"9582",791.72447104905,-1.07851567002806,0.265439444752583,-4.06313263288111,4.84184990659356e-05,0.00983219549151337,"ENSG00000154258","ABCA9",10350
"9626",27.8551490395537,-1.47884958626554,0.38298867256693,-3.86134027503672,0.00011276672202724,0.0172574992205638,"ENSG00000154646","TMPRSS15",5651
"9666",431.846921200854,-1.40948835092787,0.382443314788116,-3.6854830413463,0.000228269282558393,0.0281919566084847,"ENSG00000155011","DKK2",27123
"9723",1333.02261844902,-1.02784096550532,0.262593292622372,-3.9141935242932,9.07068660853407e-05,0.0151536922918174,"ENSG00000155657","TTN",7273
"9773",833.856264716116,-2.49583208299616,0.513675038352205,-4.85877626252275,1.18113514825837e-06,0.000533619028098375,"ENSG00000156076","WIF1",11197
"9790",25.9946106078107,-1.77455117125837,0.388189352225201,-4.57135457499332,4.84581528445924e-06,0.00163951441162099,"ENSG00000156219","ART3",419
"9852",13.6582848572172,-1.220131316557,0.312853504377563,-3.90000846877042,9.61893233556094e-05,0.0158072430079328,"ENSG00000156738","MS4A1",931
"9865",24.9103812222871,-1.86610960606254,0.455925318642368,-4.09301596063879,4.2579839919085e-05,0.00891354373853332,"ENSG00000156885","COX6A2",1339
"9880",363.276082728229,-1.38561510935327,0.375239980533753,-3.69261054587608,0.000221963805244228,0.0278402078714739,"ENSG00000157005","SST",6750
"9896",71.8601307642846,-3.40667222997007,0.441371402420299,-7.71838005654486,1.1781745601132e-14,8.31856807191023e-11,"ENSG00000157119","KLHL40",131377
"10000",36.582027905628,-1.6413544579272,0.378047754782838,-4.34165905540173,1.41410852257415e-05,0.00388204799853889,"ENSG00000158022","TRIM63",84676
"10141",600.425920564129,-3.39658507614681,0.910358226514109,-3.73104232731857,0.000190689178774065,0.0250095510797372,"ENSG00000159182","PRAC1",84366
"10162",3864.66731923235,-3.15266851898954,0.543733614940616,-5.79818578870438,6.70361622538217e-09,7.93826460195109e-06,"ENSG00000159251","ACTC1",70
"10182",399.476957981867,-1.21866889685431,0.320609305433392,-3.8011027010178,0.000144053574726043,0.0207138750914998,"ENSG00000159387","IRX6",79190
"10268",744.673437993489,-1.86652809111704,0.289768351971742,-6.44144910379676,1.18338133947345e-10,2.64696108277111e-07,"ENSG00000160183","TMPRSS3",64699
"10712",55.0605750365642,-2.86147208278669,0.529765862426492,-5.40139009652351,6.61264479651106e-08,5.11996739994478e-05,"ENSG00000162992","NEUROD1",4760
"10741",103.971973777118,-4.44566795572214,0.684082627989699,-6.49872950112261,8.10011538784835e-11,2.174178971637e-07,"ENSG00000163092","XIRP2",129446
"10810",99.4022181017063,-1.73242214797053,0.342014435341343,-5.06534803491995,4.07654870800219e-07,0.000215960531686295,"ENSG00000163380","LMOD3",56203
"10841",61.5468225844149,-1.06724745276033,0.269566825786222,-3.9591201537785,7.52263858217376e-05,0.0132840559033105,"ENSG00000163492","CCDC141",285025
"11075",55.4035710061856,-1.75064700722236,0.472929526381465,-3.70170799149954,0.000214153000811543,0.0270289282717064,"ENSG00000164122","ASB5",140458
"11086",102.172357331606,-1.18006818888043,0.255697121772869,-4.61510157290181,3.92903111011842e-06,0.00138763728557533,"ENSG00000164161","HHIP",64399
"11132",88.4555633706941,-1.653529313404,0.355150031358061,-4.65586137520826,3.22628967640779e-06,0.0011495298668277,"ENSG00000164303","ENPP6",133121
"11269",12.4942866772353,-1.73981729214741,0.472018904971404,-3.68590595381516,0.000227890501906138,0.0281919566084847,"ENSG00000164871","SPAG11B",10407
"11270",12.4942866772353,-1.73981729214741,0.472018904971404,-3.68590595381516,0.000227890501906138,0.0281919566084847,"ENSG00000164871","SPAG11B",653423
"11271",12.4942866772353,-1.73981729214741,0.472018904971404,-3.68590595381516,0.000227890501906138,0.0281919566084847,"ENSG00000164871","SPAG11B",124906741
"11441",126.40901879521,-3.30052276091102,0.575921272893141,-5.73085752559693,9.99241724457683e-09,1.13173475959867e-05,"ENSG00000165606","DRGX",644168
"11522",45.197696334347,-1.98091701250165,0.38595849884761,-5.13246118019488,2.85977724333961e-07,0.000169324046134323,"ENSG00000165917","RAPSN",5913
"11561",8.92353205725233,-1.20007950501421,0.336542668514074,-3.56590595276635,0.000362601397863795,0.0390818123437761,"ENSG00000166111","SVOP",55530
"11620",79.3404574956287,-1.09589032790646,0.307524038127891,-3.56359240915896,0.00036581383073548,0.0392757238748584,"ENSG00000166317","SYNPO2L",79933
"11649",788.884604376936,-1.61793768755721,0.307447296595563,-5.26248793036407,1.42118996463497e-07,9.3803197305136e-05,"ENSG00000166426","CRABP1",1381
"11777",1.36098754117334,-1.64480397897528,0.430970711547912,-3.81650988084007,0.000135352657403982,0.0200351790161732,"ENSG00000166926","MS4A6E",245802
"12012",392.445661512225,-1.57843780012867,0.302325662566503,-5.22098516787822,1.779737965048e-07,0.000113484890514412,"ENSG00000167941","SOST",50964
"12042",303.422063473061,-1.65160381828483,0.308082381262614,-5.36091616637103,8.28009393171293e-08,6.17357670145603e-05,"ENSG00000168032","ENTPD3",956
"12114",64.6713832247919,-1.73513747898661,0.352787055872335,-4.91837058674431,8.72675817348383e-07,0.000408554346024193,"ENSG00000168334","XIRP1",165904
"12132",84.5740366932472,-1.10125273476356,0.276967131451536,-3.97611344346922,7.00507183699495e-05,0.0125350312133818,"ENSG00000168421","RHOH",399
"12138",131.486966406242,-1.00936747781687,0.273591766246479,-3.6893196446107,0.000224854565186982,0.0280281563577656,"ENSG00000168453","HR",55806
"12154",107.825603747903,-3.03770522904408,0.420444116312647,-7.22499164855765,5.01132633988654e-13,2.5220752637064e-09,"ENSG00000168509","HJV",148738
"12162",468.149834484953,-1.36007957320339,0.276462784287672,-4.9195756192203,8.67320559078147e-07,0.000408554346024193,"ENSG00000168546","GFRA2",2675
"12193",1526.5214016454,-1.19408771287431,0.284406182256635,-4.19852938286979,2.68653998469342e-05,0.00649728485478375,"ENSG00000168743","NPNT",255743
"12204",22.7800062127851,-1.84344112538649,0.429595057021087,-4.29111344569313,1.77779457588813e-05,0.00464789384509143,"ENSG00000168779","SHOX2",6474
"12298",39.607860335109,-1.02788696954393,0.279241836011626,-3.68099201833473,0.000232328278565808,0.0284316144426036,"ENSG00000169174","PCSK9",255738
"12331",75.7269456483362,-3.66653686999707,0.871184578733151,-4.20867972126967,2.56867177840815e-05,0.00632870857720516,"ENSG00000169271","HSPB3",8988
"12404",30.6732815487692,-1.88058435411408,0.502479955598609,-3.74260571622946,0.000182121873513135,0.0244419695712861,"ENSG00000169676","DRD5",1816
"12445",14.4786839505501,-2.07972714583742,0.438925772418688,-4.73822062071486,2.15603012405218e-06,0.000834673892832587,"ENSG00000169885","CALML6",163688
"12487",15.6462994090948,-1.20957291836681,0.331136550360998,-3.65279192843002,0.000259404423327895,0.0308998251243423,"ENSG00000170074","FAM153A",285596
"12492",9.88394899769526,-1.54550612365669,0.353815420148201,-4.36811409465797,1.25324021893493e-05,0.00357857855991192,"ENSG00000170091","NSG2",51617
"12516",18.0750658471874,-1.77155164488693,0.371747915485465,-4.76546490536058,1.88418692183457e-06,0.000758611338469033,"ENSG00000170231","FABP6",2172
"12532",133.405492515149,-2.45112308718699,0.578602933713492,-4.23627836011064,2.27255023958385e-05,0.00575455457522799,"ENSG00000170290","SLN",6588
"12594",1.2759946694605,-1.78701422405654,0.513100073738331,-3.48277912150111,0.000496237610809047,0.0484417505834045,"ENSG00000170523","KRT83",3889
"12644",17.8547327170524,-1.24271059447685,0.348078631069992,-3.57020076370894,0.000356707732569905,0.038815585753323,"ENSG00000170807","LMOD2",442721
"12881",1818.82887976996,-1.15928498675657,0.327686917132315,-3.5377823347414,0.00040350254023796,0.041763031555426,"ENSG00000171843","MLLT3",4300
"12943",70.7252951301008,-2.5230930108551,0.403153857320089,-6.25838737505085,3.88978651408883e-10,7.4576468871545e-07,"ENSG00000172137","CALB2",794
"12953",69.2945853635557,-1.85812135789178,0.462213470480774,-4.02005020744862,5.81857398125937e-05,0.0110636956750191,"ENSG00000172179","PRL",5617
"13000",283.035977386441,-4.23640500322847,0.596891189540784,-7.09744938015877,1.2708032811566e-12,5.68500907843634e-09,"ENSG00000172399","MYOZ2",51778
"13021",18.4011247526268,-2.09204259344558,0.511269784218791,-4.09185650711233,4.27933430974462e-05,0.00891354373853332,"ENSG00000172482","AGXT",189
"13032",20.2216800308048,-1.58011068213282,0.382189722151385,-4.13436204730523,3.55941980743333e-05,0.0077885521895044,"ENSG00000172551","MUCL1",118430
"13357",468.081837756847,-1.11387246965541,0.315361574016592,-3.53204880185184,0.000412353248943019,0.0422446984960403,"ENSG00000174348","PODN",127435
"13371",4.42737810555286,-1.47952329651659,0.373852134095105,-3.95750929735288,7.57353405330942e-05,0.01331552960936,"ENSG00000174429","ABRA",137735
"13495",2576.60468440562,-1.37156449338597,0.340178200150045,-4.03190002410798,5.53277243652555e-05,0.0108136157203588,"ENSG00000175084","DES",1674
"13561",243.068412675135,-1.74549103800496,0.410771684235879,-4.24929737124394,2.14442087383755e-05,0.0054644729887625,"ENSG00000175426","PCSK1",5122
"13793",688.600990823606,-1.5587951952895,0.414421744214143,-3.76137405204306,0.000168982504474973,0.0231414067862972,"ENSG00000176842","IRX5",10265
"13875",58.9863078339001,-2.20627309627181,0.401114188353752,-5.50036164346808,3.79013060840496e-08,3.24677103309789e-05,"ENSG00000177238","TRIM72",493829
"13880",12.2687926451666,-1.73217830922095,0.370938007127729,-4.66972452522097,3.0160390062838e-06,0.00108421216491963,"ENSG00000177291","GJD4",219770
"13893",164.43094548213,-1.2063831969753,0.329035088728185,-3.66642719364162,0.000245962904677451,0.0298107288102507,"ENSG00000177354","C10orf71",118461
"14070",6.20226087651666,-1.89963093322185,0.436360153296971,-4.35335563723902,1.34069392910349e-05,0.00374854298427532,"ENSG00000178287","SPAG11A",10407
"14071",6.20226087651666,-1.89963093322185,0.436360153296971,-4.35335563723902,1.34069392910349e-05,0.00374854298427532,"ENSG00000178287","SPAG11A",653423
"14072",6.20226087651666,-1.89963093322185,0.436360153296971,-4.35335563723902,1.34069392910349e-05,0.00374854298427532,"ENSG00000178287","SPAG11A",124906741
"14397",2088.10821843933,-2.75686612410513,0.471095821455752,-5.85202839538257,4.85613691372926e-09,5.9247813460778e-06,"ENSG00000180209","MYL11",29895
"14496",13.9170178456993,-1.35756211067121,0.376872405089478,-3.60217965639828,0.000315560148690798,0.0351941349212989,"ENSG00000180828","BHLHE22",27319
"14527",90.8020270913128,-3.81683856116267,0.437735167984719,-8.71951545208248,2.79394859881586e-18,5.62449792427621e-14,"ENSG00000180999","C1orf105",92346
"14564",428.94751580499,-1.78446282753018,0.380785732240046,-4.68626494231474,2.78236037674812e-06,0.0010183944862603,"ENSG00000181234","TMEM132C",92293
"14590",528.409039991244,-2.36367168855826,0.504786580016483,-4.68251689353762,2.83373825556418e-06,0.00102785558239212,"ENSG00000181449","SOX2",6657
"14611",15.2987621948583,-2.25619454633369,0.544048401533528,-4.14704746852316,3.36790257013899e-05,0.00753324962660756,"ENSG00000181617","FDCSP",260436
"14678",157.232016264518,-1.20099936245787,0.256200285497524,-4.68773623778602,2.76243733145435e-06,0.0010183944862603,"ENSG00000182103","FAM181B",220382
"14771",75.2109599924239,-2.61177687013823,0.494462354340187,-5.28205402739587,1.27743511915137e-07,8.71730385885971e-05,"ENSG00000182533","CAV3",859
"14810",97.1938308911677,-1.09227766055854,0.314989019930749,-3.46766900255343,0.000524993506378979,0.0499771557177561,"ENSG00000182732","RGS6",9628
"14829",159.830211419568,-2.09381795097204,0.386029607058561,-5.42398280516967,5.82854912245387e-08,4.69338089536475e-05,"ENSG00000182836","PLCXD3",345557
"14888",951.76896813192,-2.39954757642073,0.314323867040372,-7.63399737670105,2.27584546268876e-14,1.3090012859825e-10,"ENSG00000183091","NEB",4703
"14926",2202.29584372206,-1.07826868260976,0.268862455841612,-4.0104843914874,6.0594306284595e-05,0.0113471998122343,"ENSG00000183287","CCBE1",147372
"14997",8.99908003631827,-4.11649266266364,0.848572515296584,-4.85107941685442,1.22791363181474e-06,0.000537372376566575,"ENSG00000183631","PRR32",100130613
"15039",178.182168070593,-1.85846431119152,0.448292868588451,-4.14564772587907,3.38854450397584e-05,0.00753754579110912,"ENSG00000183770","FOXL2",668
"15095",254.353340460531,-1.80367516804762,0.377335383724643,-4.78003189163895,1.75267389977746e-06,0.000727486150029277,"ENSG00000184058","TBX1",6899
"15156",172.849272434293,-1.98545187000835,0.307792861861773,-6.45061051123399,1.11400464033606e-10,2.64696108277111e-07,"ENSG00000184343","SRPK3",26576
"15202",14.4145228403247,-3.29930973500414,0.491963889734201,-6.70640631121664,1.9947581571498e-11,5.73663949451181e-08,"ENSG00000184544","DHRS7C",201140
"15467",663.483552009325,-1.78926402114606,0.312833756419799,-5.7195362854161,1.06815162845237e-08,1.13173475959867e-05,"ENSG00000185739","SRL",6345
"15523",56.2491467490137,-1.03295573192029,0.297609397233857,-3.47084380238375,0.000518825700565926,0.0497356198956793,"ENSG00000185972","CCIN",881
"15765",3.65081101572332,-2.31456900591098,0.534733855888907,-4.32845046263883,1.50162098000708e-05,0.00400809325083729,"ENSG00000187140","FOXD3",27022
"16164",1680.01942749024,-1.12429771060502,0.317736511251725,-3.53845929186998,0.000402469333433695,0.041763031555426,"ENSG00000189058","APOD",347
"16250",123.621003113265,-2.93803221018646,0.575341693201151,-5.10658665086395,3.28030223357076e-07,0.00018585689339885,"ENSG00000196091","MYBPC1",4604
"16266",774.674484382475,-1.05579536794594,0.285138034136618,-3.70275179578491,0.00021327351388868,0.0270025730068744,"ENSG00000196139","AKR1C3",8644
"16487",3.63441628085629,-1.84304517548485,0.475432504396526,-3.87656535563183,0.000105941362608981,0.016783041634483,"ENSG00000196859","KRT39",390792
"16597",12.5959694556804,-1.18599382446816,0.332621940583574,-3.56559108033396,0.000363037052718997,0.0390818123437761,"ENSG00000197241","SLC2A7",155184
"16605",23.7044489858066,-1.06925490007196,0.280403602722112,-3.81327090555118,0.00013713964716365,0.0200782417240105,"ENSG00000197261","C6orf141",135398
"16643",7.34916087105209,-1.82145235083564,0.405044579722068,-4.49691822091651,6.89454909393253e-06,0.0021703366997668,"ENSG00000197408","CYP2B6",1555
"16779",27.7797198407245,-1.83082063793398,0.354644817772175,-5.16240628986185,2.43795429160161e-07,0.000146502859236514,"ENSG00000197893","NRAP",4892
"16903",285.941060226912,-2.00276333658796,0.456547246889812,-4.38676029749739,1.15051460182885e-05,0.00330871563563095,"ENSG00000198336","MYL4",4635
"17079",37.6810817044322,-2.20904990341189,0.35906400657424,-6.15224545753836,7.63935208576951e-10,1.38617376547612e-06,"ENSG00000198842","STYXL2",92235
"17770",688.62298134462,-1.16209609638023,0.280142874102134,-4.14822650800875,3.35060806430251e-05,0.00753324962660756,"ENSG00000204248","COL11A2",1302
"17895",2.45757438069539,-2.26423352084828,0.549087617753256,-4.12362881194265,3.72949736478784e-05,0.0080729582204886,"ENSG00000204612","FOXB2",442425
"17965",11.6357665165789,-1.68033576556595,0.417596237738861,-4.02382879372761,5.72595497175675e-05,0.0110305454101852,"ENSG00000204889","KRT40",125115
"18015",26.493684260481,-2.13934002762977,0.386663345800214,-5.53282345189025,3.15116610700694e-08,2.75809238696334e-05,"ENSG00000205056","LINC02397",NA
"18061",21.1153244764057,-1.50424370126945,0.346549773047674,-4.3406281528931,1.42075977816296e-05,0.00388204799853889,"ENSG00000205279","CTXN3",613212
"19644",182.676932604008,-1.60890322178346,0.401853737148622,-4.00370351959281,6.23585065495184e-05,0.0115168724343886,"ENSG00000215397","SCRT2",85508
"21268",10.7417885446387,-3.98812736560272,0.93370259376355,-4.2713037237344,1.94333522621618e-05,0.00504790728244618,"ENSG00000225613","LINCMD1",NA
"21412",76.953044955754,-1.80601519928837,0.44928561743199,-4.0197485279211,5.82602945665167e-05,0.0110636956750191,"ENSG00000225953","SATB2-AS1",150538
"21566",14.9825973754642,-1.40704132018535,0.395419348517323,-3.5583522289975,0.000373188648865444,0.039854963874325,"ENSG00000226337","TMEM252-DT",105376072
"21673",12.4304695741685,-1.29508800167332,0.317505157106148,-4.07895107429814,4.52393555137067e-05,0.00931513055870745,"ENSG00000226604","PAPPA-AS2",NA
"22133",22.9253815863284,-1.61465804635988,0.434116378167656,-3.71941287535642,0.000199686410935957,0.0255296131759609,"ENSG00000227706","",NA
"22188",83.9683414428074,-3.84786662839206,0.555966672725608,-6.9210382872916,4.4834528115069e-12,1.38855982382224e-08,"ENSG00000227877","MRLN",100507027
"22708",116.280018776493,-1.48665958425372,0.419846873137021,-3.54095666628564,0.000398679050836579,0.0416925089474866,"ENSG00000229108","LINC02587",101927524
"23410",8.32158438774328,-2.9759474125863,0.605614227571743,-4.91393246244989,8.92675114777043e-07,0.000413113626105211,"ENSG00000230798","FOXD3-AS1",100996301
"23461",12.7820491198334,-1.87937614975961,0.488978233949728,-3.84347608804369,0.00012130382350777,0.0183606561731948,"ENSG00000230937","MIR205HG",642587
"24822",48.7179249113408,-1.06223809912873,0.252523250527779,-4.20649622127319,2.59360418071346e-05,0.00632870857720516,"ENSG00000234281","LANCL1-AS1",NA
"24962",1.36046807636104,-1.37416240112129,0.390065437975346,-3.52290222956935,0.00042684879237435,0.0432891336991841,"ENSG00000234626","",NA
"25010",1.7155126029012,-1.59156693506778,0.355096631688601,-4.48206711367371,7.39234862719207e-06,0.00225477833657581,"ENSG00000234724","HDAC1P1",NA
"25090",2.72084373445488,-1.41701352981403,0.36911190239855,-3.83898086354311,0.000123546058240431,0.0185762579200202,"ENSG00000234944","LINC02623",101929445
"25265",22.7440194410566,-1.35437768915137,0.358891737283699,-3.77377785123194,0.000160793952765061,0.0221422619757435,"ENSG00000235335","B3GALT1-AS1",NA
"25674",11.8369166211495,-2.60270625305697,0.436957431918699,-5.95642976394378,2.57807833643475e-09,3.4681496398175e-06,"ENSG00000236345","SCAT8",112935969
"25718",58.6913850250494,-1.20448449090103,0.340917202213247,-3.53307044373668,0.000410763006148693,0.0421891330447925,"ENSG00000236449","",NA
"26269",11.4486470055695,-1.21666670775025,0.321494280573566,-3.78441167158447,0.000154072613595765,0.0216866145716573,"ENSG00000237773","",101927609
"26584",3.29160853821981,-1.43739639969916,0.401412154855859,-3.58084921522943,0.000342479266500874,0.0376745907864978,"ENSG00000239263","RBM43P1",NA
"26638",459.077106255935,-3.50439050574127,0.416769761531874,-8.40845672886771,4.15440620997428e-17,5.57549009419948e-13,"ENSG00000239474","KLHL41",10324
"27089",1.40631446620376,-1.16529686148674,0.308613427853156,-3.77591107941426,0.000159423861326849,0.022129540310008,"ENSG00000241346","SNRPCP11",NA
"28064",12.0585284572634,-1.0759032596127,0.26865667845795,-4.00475158774473,6.20826863074003e-05,0.0115168724343886,"ENSG00000246363","LINC02458",NA
"28242",530.496491633364,-1.39835241773689,0.311083849761257,-4.49509808628787,6.95378854179914e-06,0.0021703366997668,"ENSG00000248329","APELA",100506013
"28249",6.4659411266073,-1.72239324929854,0.460504676396648,-3.7402296601544,0.000183852192586628,0.024583794009824,"ENSG00000248359",NA,NA
"28313",46.8106377707714,-1.19745215823974,0.339855880283058,-3.52341162154502,0.000426029152965226,0.0432891336991841,"ENSG00000248540","",283731
"28618",5.9386328852229,-1.57859519387139,0.444085892794166,-3.55470691477937,0.000378400638368272,0.040092543426272,"ENSG00000249500","LINC01179",101928151
"28660",11.9708435172208,-2.46669481615273,0.536793989044714,-4.59523554006722,4.32260708994277e-06,0.00148749407397672,"ENSG00000249641","HOXC13-AS",100874366
"28790",5.46557506886289,-1.46579842556931,0.37819711051969,-3.8757525766263,0.00010629565388687,0.016783041634483,"ENSG00000250041","",NA
"28825",32.6569370125614,-1.00785038766941,0.253222055401246,-3.98010507446678,6.88848140232816e-05,0.0124662933889139,"ENSG00000250138","",NA
"29009",4.53065911991881,-1.58931650484499,0.423827224195038,-3.74991603680847,0.000176893789841647,0.0238684248532692,"ENSG00000250641","LY6G6F-LY6G6D",110599563
"29173",7.65378818857143,-2.54254177283552,0.632684444650722,-4.01865700086738,5.85308027117147e-05,0.0110636956750191,"ENSG00000251129","LINC02506",NA
"29316",9.6782643268012,-1.43465701643859,0.394781502941598,-3.63405328200199,0.000279003205038021,0.0320034958439909,"ENSG00000251504","LINC01099",101928656
"29317",30.0778841128657,-1.87893333123602,0.485062581095937,-3.87358952115171,0.000107243987034738,0.0168010015797378,"ENSG00000251511","",NA
"29700",2.25117110877932,-2.55227115509159,0.68766389903889,-3.7115095887086,0.000206026861749169,0.0261673612231705,"ENSG00000253308","",NA
"30278",21.5132329673047,-1.70688237248876,0.357382091292844,-4.77607136472351,1.7875297805322e-06,0.000734382898201913,"ENSG00000254656","RTL1",388015
"30705",241.695583979327,-1.14417288348758,0.287513501865729,-3.97954487724169,6.90473256601213e-05,0.0124662933889139,"ENSG00000255794","RMST",196475
"31070",2.20780037539931,-1.64060365900042,0.441738218538806,-3.71397264295412,0.000204030860099433,0.0259958559788714,"ENSG00000257258","",NA
"32196",7.76941091888596,-1.53801435287397,0.443615894836992,-3.46699559410313,0.000526310516723675,0.0499771557177561,"ENSG00000259974","LINC00261",140828
"33077",35.2664677779143,-1.08591356836837,0.276620150919552,-3.92564881755191,8.64962734970046e-05,0.0145862757837342,"ENSG00000262061","RPH3AL-AS1",NA
"33599",96.7001685614872,-1.56102905816734,0.254644142568913,-6.13023744594827,8.77480134047752e-10,1.47204604820961e-06,"ENSG00000265142","MIR133A1HG",102723167
"33838",9.25945337047192,-2.09019706171738,0.437920036103163,-4.77301079968167,1.81492054771678e-06,0.000738104354466393,"ENSG00000266369","",NA
"34543",16.2960171094171,-1.67837774663784,0.427456451231432,-3.92642979607093,8.62160409962796e-05,0.0145862757837342,"ENSG00000268388","FENDRR",400550
"34918",4.7675357067475,-1.38581070010904,0.378499338894931,-3.66132924869846,0.000250910061718112,0.0301556444922228,"ENSG00000270071","",NA
"35196",17.4728052759317,-6.0865840330184,0.869187218288668,-7.00261566777547,2.51227317629777e-12,8.52184029480143e-09,"ENSG00000271005","CTHRC1P1",NA
"35292",19.1402333778972,-1.34673996783128,0.296101048220013,-4.54824451290227,5.40952630979901e-06,0.00177071827874087,"ENSG00000271334","LINC02104",101926940
"36067",9.52575602922901,-1.81102197867173,0.448879050136337,-4.03454333215523,5.47085937389312e-05,0.0107447678103261,"ENSG00000273301",NA,NA
"37223",30.195012187208,-1.65878778987591,0.359729129773791,-4.6112134174928,4.00325275369557e-06,0.00138947381352837,"ENSG00000277223","",NA
"38827",6.93162861090558,-1.31610235018502,0.357367202828586,-3.68277318054924,0.000230710422383105,0.0283197043475262,"ENSG00000282890","",NA
"39361",14.0442842004274,-1.51886743490325,0.373919133844797,-4.06202116293328,4.86496654882981e-05,0.00983219549151337,"ENSG00000285671","",NA
"39581",93.6937117198223,-1.41854351700636,0.354429084184218,-4.00233383857704,6.27207146771071e-05,0.0115308740380351,"ENSG00000286056","",NA
"39791",2.85711195520096,-1.42957928971263,0.359416013010106,-3.97750583714932,6.96419137735105e-05,0.012517512197987,"ENSG00000286403","",NA
"40236",17.3251742614475,-1.43130891093791,0.382770917166904,-3.73933558362221,0.000184507280016438,0.024583794009824,"ENSG00000287056","",NA
"40297",4.78922445926252,-1.14570479964677,0.320333173867896,-3.57660365241862,0.000348087331515904,0.0381871720476658,"ENSG00000287142","",NA
"40497",20.1842805182119,-1.75013498895569,0.404354667877992,-4.32821759704223,1.50320918204866e-05,0.00400809325083729,"ENSG00000287424","",NA
"40545",7.62061203709425,-1.38866370024458,0.333045500004885,-4.16959154297,3.05146031395301e-05,0.00710161243701597,"ENSG00000287498","",NA
"40570",17.3999405125833,-2.33275269625015,0.45863072185457,-5.08634198515349,3.65035581001469e-07,0.00019860895354434,"ENSG00000287530","",NA
"40617",1.99110787382999,-1.65255835748125,0.460068616417022,-3.59198236635058,0.000328172060584537,0.0364996229371675,"ENSG00000287593","",NA
